Name,Price
Sony WF-C510 True Wireless In-Ear Bluetooth Earbuds,R 899
Sony ULT Wear Wireless Noise Cancelling Headphones,"R 2,999"
Volkano Bluetooth Wireless Headphones | Phonic Series - Black,R 249
P9 Wireless headphones,R 120
P47 Wireless Bluetooth Headphones,R 99
JBL Tune 520BT Wireless Bluetooth On-Ear Headphones,R 599
Sony WH-1000XM6 Noise Cancelling Bluetooth Headphones,"R 8,999"
Sonos Ace Premium Wireless Active Noise Cancelling Headphones,"R 5,999"
Wireless Headphones & Earbuds Combo,R 187
Volkano Falcon Series Wired Aux Headphones with Mic,R 109
Sony Wireless Noise-Cancelling Headphones WH-1000XM5,"R 5,999"
Volkano Bluetooth Wireless Headphones | Phonic Series - Black,R 249
Volkano Wireless Bluetooth Headphones - Impulse Series,R 219
Volkano Odyssey Noise Cancelling Wireless Over-Ear Headphones,R 249
Sony WH-CH520 Wireless Bluetooth On-Ear Headphones,R 599
Volkano Cosmic 2.0 Series Bluetooth Headphones with Mic,R 299
Volkano Pebble Series Bluetooth Wireless Headphones with Mic & 50hr Battery,R 199
Amplify Bluetooth Over-Ear Headphones - Stellar Series,R 179
P39 Bluetooth Headphone Super Stereo,R 155
Trihear Foldable Deep bass Wireless Bluetooth Headphones,R 219
Volkano SoundSweeper Series Active Noise Cancelling Bluetooth Headphones,R 299
Sony WF-C710N True Wireless Earbuds,"R 1,899"
Volkano Falcon Series Wired Aux Headphones with Mic - White,R 109
Wireless Headphones & Earbuds Combo,R 186
Amplify Chorus 3 Bluetooth Wireless Headphones,R 199
Volkano SoundSweeper Series Active Noise Cancelling Bluetooth Headphones,R 299
JBL Tune 720BT Wireless Bluetooth Over-Ear Headphones,R 799
Norden Nova Noise Cancelling Bluetooth Headphones 50H Playback USB-C -Black,R 295
JBL Tune 500 WIRED On Ear Headphones With Mic (NO BLUETOOTH),R 399
Soundcore by Anker Q11i Wireless Over-Ear Bluetooth Headphones,R 699
Sony WH-CH720 Over-Ear Noise Cancelling Wireless Headphones,"R 1,699"
Pro Bass Urban Groove Series Bluetooth Headphones - Pink,R 189
Kids Wireless Cat Ear LED Headphones,R 129
LD P9 Plus Bluetooth Rechargeable Headphone Set,R 125
Soundcore by Anker Space One Active Noise Cancelling Headphones,"R 1,499"
JBL T510BT On-Ear Wireless Bluetooth Headphones,R 899
Sony MDR-ZX110 Foldable Headphones - Black,R 179
Soundcore by Anker H30i Wireless On-Ear Bluetooth Headphones,R 499
Wantech P9 Max Bluetooth Headphones,R 134
Trihear Bluetooth Headphones Wireless Headsets BH20i,R 219
Soundcore by Anker Q20i Wireless Noise Cancelling Headphones,R 899
Sony MDR-ZX310AP Foldable Wired Headphones - Black,R 249
JBL Live 770NC Wireless Bluetooth Over-Ear Noise Cancelling Headphones,"R 1,999"
Amplify Note 3.0 Series True Wireless Bluetooth Earphones,R 249
