Sonos Era 100 Bundle Pack-R 11,499
ORRO Barrel Home 75W Portable Bluetooth Speaker Wireless Stereo Pairing-R 1,279
Volkano Bluetooth Speaker Stun Series - Black-R 199
Astrum 2.1CH Multimedia Speaker with Subwoofer, USB Powered, Portable-SM020-R 219
Volkano Neptune Portable Bluetooth Wireless Speaker (TWS)-R 199
Pro Bass Pulse Box Portable Bluetooth Speaker - Black-R 199
Samsung Bluetooth Speaker Tower MX-ST40B/XA 160W Speakers with Bluetooth-R 2,999
SonicGear StudioPod V-HD Bluetooth Speakers-R 2,989
Volkano Mini Mamba 2.0 Portable Bluetooth Speaker with Lights & IPX5 Rating-R 299
Volkano Diamond Series USB Powered Speakers-R 129
Sonos Five Bundle Pack-R 28,499
Stylus Av Bluetooth Speaker Afterparty MK I - 150W Portable Party Speaker-R 579
JBL Go 4 Portable Waterproof Bluetooth Speaker-R 699
Soundcore by Anker Select 4 Go 5W Waterproof Portable Bluetooth Speaker-R 399
Mini Bluetooth Speaker, GTS-1360 Speakers with Bluetooth - Portable Speaker-R 138
Hisense 300W Party Rocker One True Wireless Stereo Bluetooth Speaker-Black-R 2,999
3-in-1 Wireless Charger Multifunction Bluetooth Speaker-R 205
LED Touch Lamp Bluetooth Speaker, Wireless HiFi Speaker Light,-R 136
Samsung Bluetooth Speaker Tower MX-ST40B/XA 160W Speakers with Bluetooth-R 2,999
Volkano Sabre 2.0 Mini Portable Bluetooth Soundbar Speaker with 6W Output-R 349
Razor Pro 2.1Ch Multimedia Speaker-R 1,500
Lexuco Party Speaker Double 8''-R 792
Soundcore by Anker Select 4 Go Speaker Springboks Official Licenced Product-R 299
JBL Flip Essential 2 Portable Bluetooth Speaker-R 1,399
JBL Go Essential 2 Portable Waterproof Speaker-R 599
JBL Go 3 Eco Portable Waterproof Bluetooth Speaker-R 699
Volkano Mamba 2.0 Portable Bluetooth Speaker with FM Radio & TWS Pairing-R 399
JBL Go 3 Waterproof Portable Bluetooth Speaker-R 749
Portable Wireless Bluetooth Speaker-R 149
Amplify Mini Megavibe Series Dual 3" Party Speaker - Black-R 299
Omega 2.1 60W PureVibe Series Soundbar & Wired Subwoofer HDMI/BT/USB 101Y-R 897
FTS Rhythm Amplified 2.1 Multimedia Speaker System [FTS-387U]-R 599
JBL Charge 5 Waterproof Portable Bluetooth Speaker-R 2,499
Amplify Megavibe Series Dual 4 Party Speaker-R 499
Omega 8" Aura Series Portable Karaoke Party Speaker Battery-Powered 83A3-R 550
Hisense 2.1Ch 140W Bluetooth Sound Bar with Wireless Subwoofer-R 1,199
8 inch x 2 Tweeter 100w Wireless Bluetooth Party Box Speaker-R 387
Lexuco Double 10" Passive Speakers (SPK-SS10)-R 1,650
JBL Grip Compact Portable Bluetooth Speaker With Ambient Light-R 1,499
Nubwo 2.1 Bluetooth Speaker-R 385
Omega 12" Outdoor Karaoke Speaker Battery-Powered For Loadshedding X-AE12-R 697
Lexuco Party Speaker Double 8'' (LSPK-A110)-R 800
